,AAA,BBB,CCC,DDD,EEE
9 : 00,xxx_stpete_wowow,xxx_stpete_wowow,xxx_stpete_wowow,xxx_stpete_wowow,xxx_stpete_wowow
9 : 30,,,xxx_stpete_wowow,,
10 : 00,xxx_stpete_ohtani,xxx_stpete_ohtani,xxx_stpete_ohtani,,
10 : 30,,,,,
11 : 00,,xxx_stpete_ohtani,xxx_stpete_ohtani,,
11 : 30,,xxx_stpete_ohtani,xxx_stpete_ohtani,,
12 : 00,,xxx_stpete_ohtani,xxx_stpete_ohtani,,
12 : 30,,xxx_stpete_ohtani,xxx_stpete_ohtani,,
13 : 00,,xxx_stpete_ohtani,xxx_stpete_ohtani,,
13 : 30,,xxx_stpete_ohtani,xxx_stpete_ohtani,,
14 : 00,,xxx_stpete_ohtani,xxx_stpete_ohtani,,
14 : 30,,xxx_stpete_ohtani,xxx_stpete_ohtani,,
15 : 00,,,,,
15 : 30,,,,,
16 : 00,,,,,
16 : 30,,,,,
17 : 00,,,,,